9999990,9541328538,'Simonette Oleszkiewicz','7 Hazelcrest Court'
9999991,9676249844,'Judah Rippen','447 Oakridge Plaza'
9999992,1784171243,'Ephraim Anthon','806 Oriole Plaza'
9999993,6348001182,'Gavrielle Belfit','34619 Jackson Plaza'
9999994,1827915328,'Vanni Audsley','4771 Clyde Gallagher Court'
9999995,2898683042,'Jeniece Napolione','78 Cottonwood Circle'
9999996,8518410079,'Gerry Skedgell','1579 Summit Court'
9999997,3487343955,'Jarred Saintpierre','769 American Park'
9999998,8195730351,'Cherry Fulks','880 Iowa Way'
9999999,7753439700,'Johnnie Jerwood','4098 Morning Way'
9999910,1211420847,'Renado De Brett','835 David Road'
9999911,4059058071,'Fern Bartalini','73 Ohio Crossing'
9999912,4783456807,'Renado Fowlds','90 Fallview Plaza'
9999913,9273666685,'Rivi Tyres','622 Valley Edge Drive'
9999914,4355470141,'Clem Spino','6 Transport Trail'
9999915,8646549733,'Clayson Berrigan','9875 Springs Way'
9999916,5667267557,'Hansiain Stigger','37 Basil Hill'
9999917,2379241567,'Ibrahim Goding','241 Pond Place'
9999918,3013434956,'Harris Saller','8774 Norway Maple Hill'
9999919,7757365180,'Olivette Vakhrushev','5 Paget Park'
9999920,9594796563,'Tades Zaniolo','0729 Messerschmidt Center'
9999921,3209080882,'Ilyssa Braz','018 Derek Junction'
9999922,3421657450,'Hermon Caplen','8936 Wayridge Court'
9999923,4323338858,'Llewellyn Faro','50813 Menomonie Alley'
9999924,8611908388,'Avram Rosenthaler','87 Veith Alley'
9999925,2415899453,'Britte Kas','9 Blackbird Avenue'
9999926,3856771318,'Cornell Jermy','2823 Artisan Way'
9999927,6958672178,'Danika Biskupski','510 Grover Trail'
9999928,9652959722,'Chilton Ridge','587 Service Circle'
9999929,5946500687,'Philomena Pardy','71419 Dryden Circle'
9999930,9594796563,'Kaylan Lucero','0728 Messerschmidt Center'
9999931,3209080882,'Harriette Kennedy','024 Derek Junction'
9999932,3421657450,'Rea Keller','8939 Wayridge Boulevard'
9999933,4323338858,'Dante Mcphee','50818 Menomonie Alley'
9999934,8611908388,'Inayah Britton','832 Veith Alley'
9999935,2415899453,'Letitia Ventura','76 Bluejay Avenue'
9999936,3856771318,'Braydon Welsh','4537 Artisan Way'
9999937,6958672178,'Robert Skinner','640 Grover Trail'
9999938,9652959722,'Toni Rigby','237 Service Circle'
9999939,5946500687,'Carla Hooper','71362 Dryden Circle'
9999940,1211420847,'Shanae Brown','462 David Road'
9999941,4059058071,'Jamel Wharton','431 Yukon Crossing'
9999942,4783456807,'Fahmida Whiteley','34 Delfino Plaza'
9999943,9273666685,'Joe Thomson','485 Rainbow Road'
9999944,4355470141,'Shanice Bailey','637 Luigi Mansion'
9999945,8646549733,'Shiv Hogan','1800 Pompano Drive'
9999946,5667267557,'Emir Hess','1835 Blackwater Hill'
9999947,2379241567,'Dominika Whittington','921 Armadillo Place'
9999948,3013434956,'Roscoe Snider','8674 Pikachu Palace'
9999949,7757365180,'Raveena Ross','428 Napoleon Park'